id,name,model_id:id,group_id:id,perm_read,perm_write,perm_create,perm_unlink
access_cs_mandat_user,cs.mandat.user,model_coproerp_cs_mandat,base.group_user,1,1,1,1
access_cs_mandat_portal,cs.mandat.portal,model_coproerp_cs_mandat,base.group_portal,1,0,0,0
access_doc_categorie_user,doc.categorie.user,model_coproerp_extranet_document_categorie,base.group_user,1,1,1,1
access_doc_categorie_portal,doc.categorie.portal,model_coproerp_extranet_document_categorie,base.group_portal,1,0,0,0
access_document_user,document.user,model_coproerp_extranet_document,base.group_user,1,1,1,1
access_document_portal,document.portal,model_coproerp_extranet_document,base.group_portal,1,0,0,0
access_document_lecture_user,document.lecture.user,model_coproerp_extranet_document_lecture,base.group_user,1,0,0,0
access_document_lecture_portal,document.lecture.portal,model_coproerp_extranet_document_lecture,base.group_portal,1,0,0,0
access_actualite_user,actualite.user,model_coproerp_actualite,base.group_user,1,1,1,1
access_actualite_portal,actualite.portal,model_coproerp_actualite,base.group_portal,1,0,0,0
access_demat_user,demat.user,model_coproerp_demat_consentement,base.group_user,1,0,1,0
access_demat_portal,demat.portal,model_coproerp_demat_consentement,base.group_portal,1,0,0,0
access_rib_demande_user,rib.demande.user,model_coproerp_rib_demande,base.group_user,1,1,1,1
access_rib_demande_portal,rib.demande.portal,model_coproerp_rib_demande,base.group_portal,1,0,0,0
access_copropriete_portal,copropriete.portal,coproerp_copropriete.model_coproerp_copropriete,base.group_portal,1,0,0,0
access_droit_portal,droit.portal,coproerp_droit.model_coproerp_droit,base.group_portal,1,0,0,0
access_appel_charge_portal,appel.charge.portal,coproerp_appel_charge.model_coproerp_appel_charge,base.group_portal,1,0,0,0
access_appel_charge_groupe_portal,appel.charge.groupe.portal,coproerp_appel_charge.model_coproerp_appel_charge_groupe,base.group_portal,1,0,0,0
access_appel_charge_poste_portal,appel.charge.poste.portal,coproerp_appel_charge.model_coproerp_appel_charge_poste,base.group_portal,1,0,0,0
