"id","name","code","account_type","reconcile"
"copro_102","Provisions pour travaux décidés","102000","equity","False"
"copro_1031","Avances de trésorerie (fonds de roulement)","103100","equity","False"
"copro_1032","Avances travaux (art. 18 al. 6)","103200","equity","False"
"copro_1033","Autres avances","103300","equity","False"
"copro_105","Fonds de travaux (réserve)","105000","equity","False"
"copro_120","Solde en attente sur travaux et opérations exceptionnelles","120000","equity","False"
"copro_131","Subventions en instance de versement","131000","equity","False"
"copro_401","Fournisseurs - factures parvenues","401000","liability_payable","True"
"copro_408","Fournisseurs - factures non parvenues","408000","liability_current","False"
"copro_409","Fournisseurs débiteurs","409000","asset_current","False"
"copro_421","Personnel - rémunérations dues","421000","liability_current","False"
"copro_431","Sécurité sociale","431000","liability_current","False"
"copro_432","Autres organismes sociaux","432000","liability_current","False"
"copro_441","État - subventions à recevoir","441000","asset_current","False"
"copro_442","État - impôts et versements assimilés","442000","liability_current","False"
"copro_4501","Copropriétaires - budget prévisionnel","450010","asset_receivable","True"
"copro_4502","Copropriétaires - travaux et opérations exceptionnelles","450020","asset_receivable","True"
"copro_4503","Copropriétaires - avances","450030","asset_receivable","True"
"copro_4504","Copropriétaires - emprunts","450040","asset_receivable","True"
"copro_4505","Copropriétaires - fonds de travaux","450050","asset_receivable","True"
"copro_459","Copropriétaires - créances douteuses","459000","asset_receivable","True"
"copro_461","Débiteurs divers","461000","asset_current","True"
"copro_462","Créditeurs divers","462000","liability_current","True"
"copro_471","Compte d'attente","471000","asset_current","False"
"copro_486","Charges payées d'avance","486000","asset_prepayments","False"
"copro_487","Produits encaissés d'avance","487000","liability_current","False"
"copro_491","Dépréciation des comptes de copropriétaires","491000","asset_current","False"
"copro_501","Fonds placés","501000","asset_current","False"
"copro_512","Banque - compte séparé du syndicat","512000","asset_cash","False"
"copro_530","Caisse","530000","asset_cash","False"
"copro_580","Virements internes","580000","asset_current","True"
"copro_601","Eau","601000","expense","False"
"copro_602","Électricité","602000","expense","False"
"copro_603","Chauffage, énergie et combustibles","603000","expense","False"
"copro_604","Achats de produits d'entretien et petits équipements","604000","expense","False"
"copro_605","Matériel","605000","expense","False"
"copro_606","Fournitures","606000","expense","False"
"copro_611","Nettoyage des locaux","611000","expense","False"
"copro_612","Locations immobilières","612000","expense","False"
"copro_613","Locations mobilières","613000","expense","False"
"copro_614","Contrats de maintenance","614000","expense","False"
"copro_615","Entretien et petites réparations","615000","expense","False"
"copro_616","Primes d'assurances","616000","expense","False"
"copro_621","Rémunération du syndic sur gestion copropriété","621000","expense","False"
"copro_622","Autres honoraires du syndic (dont travaux)","622000","expense","False"
"copro_623","Rémunérations de tiers intervenants","623000","expense","False"
"copro_624","Frais du conseil syndical","624000","expense","False"
"copro_632","Taxe de balayage","632000","expense","False"
"copro_633","Taxe foncière","633000","expense","False"
"copro_634","Autres impôts et taxes","634000","expense","False"
"copro_641","Salaires","641000","expense","False"
"copro_642","Charges sociales et organismes sociaux","642000","expense","False"
"copro_643","Taxe sur les salaires","643000","expense","False"
"copro_644","Autres charges de personnel","644000","expense","False"
"copro_661","Remboursement d'annuités d'emprunt","661000","expense","False"
"copro_662","Autres charges financières et agios","662000","expense","False"
"copro_671","Travaux décidés par l'assemblée générale","671000","expense","False"
"copro_672","Travaux urgents","672000","expense","False"
"copro_673","Études techniques, diagnostics, consultations","673000","expense","False"
"copro_677","Pertes sur créances irrécouvrables","677000","expense","False"
"copro_678","Charges exceptionnelles","678000","expense_other","False"
"copro_681","Dotations aux dépréciations sur créances douteuses","681000","expense","False"
"copro_701","Provisions sur opérations courantes","701000","income","False"
"copro_702","Provisions sur travaux et opérations exceptionnelles","702000","income","False"
"copro_703","Avances","703000","income","False"
"copro_704","Remboursements d'annuités d'emprunts","704000","income","False"
"copro_705","Allocations de fonds de travaux","705000","income","False"
"copro_711","Subventions","711000","income_other","False"
"copro_712","Emprunts","712000","income_other","False"
"copro_713","Indemnités d'assurances","713000","income_other","False"
"copro_714","Produits divers (dont frais de recouvrement art. 10-1)","714000","income_other","False"
"copro_716","Produits financiers","716000","income_other","False"
"copro_771","Produits exceptionnels","771000","income_other","False"
"copro_772","Produits sur exercices antérieurs","772000","income_other","False"
"copro_781","Reprises de dépréciations sur créances douteuses","781000","income_other","False"
